{
    "name": "wake_word",
    "roles": [
        "wake_word"
    ],
    "lookups": [
        "free-text",
        "keywords"
    ],
    "keywords": [
        {
            "keyword": "ey",
            "synonyms": [
                "ey"
            ]
        },
        {
            "keyword": "hey",
            "synonyms": [
                "hey"
            ]
        },
        {
            "keyword": "hey quest",
            "synonyms": [
                "hey quest"
            ]
        }
    ]
}
