{
    "utterances": [
        {
            "text": "ey",
            "entities": [
                {
                    "entity": "wake_word:wake_word",
                    "start": 0,
                    "end": 2,
                    "body": "ey",
                    "entities": []
                }
            ],
            "traits": [],
            "intent": "wake_word"
        },
        {
            "text": "hey",
            "entities": [
                {
                    "entity": "wake_word:wake_word",
                    "start": 0,
                    "end": 3,
                    "body": "hey",
                    "entities": []
                }
            ],
            "traits": [],
            "intent": "wake_word"
        },
        {
            "text": "hey quest",
            "entities": [
                {
                    "entity": "wake_word:wake_word",
                    "start": 0,
                    "end": 9,
                    "body": "hey quest",
                    "entities": []
                }
            ],
            "traits": [],
            "intent": "wake_word"
        }
    ]
}
